User_ID,IP_Address,Login_Attempts,Timestamp,Status
8059,192.168.1.1,7,2024-03-01 00:00:00,Failed
2737,192.168.1.1,9,2024-03-01 01:00:00,Failed
2476,203.0.113.45,3,2024-03-01 02:00:00,Failed
3359,172.16.254.1,8,2024-03-01 03:00:00,Failed
1876,198.51.100.77,3,2024-03-01 04:00:00,Failed
6324,203.0.113.45,3,2024-03-01 05:00:00,Failed
6904,192.168.1.1,9,2024-03-01 06:00:00,Success
3898,192.168.1.1,2,2024-03-01 07:00:00,Failed
6755,10.0.0.2,7,2024-03-01 08:00:00,Success
8119,10.0.0.2,2,2024-03-01 09:00:00,Failed
2087,203.0.113.45,7,2024-03-01 10:00:00,Success
7306,198.51.100.77,7,2024-03-01 11:00:00,Failed
2251,192.168.1.1,9,2024-03-01 12:00:00,Failed
8871,203.0.113.45,1,2024-03-01 13:00:00,Success
5479,192.168.1.1,1,2024-03-01 14:00:00,Failed
4025,10.0.0.2,6,2024-03-01 15:00:00,Success
7632,172.16.254.1,8,2024-03-01 16:00:00,Failed
7852,203.0.113.45,5,2024-03-01 17:00:00,Failed
7100,198.51.100.77,4,2024-03-01 18:00:00,Success
3071,172.16.254.1,3,2024-03-01 19:00:00,Success
2461,10.0.0.2,6,2024-03-01 20:00:00,Failed
9227,192.168.1.1,4,2024-03-01 21:00:00,Failed
5700,198.51.100.77,6,2024-03-01 22:00:00,Failed
4947,172.16.254.1,1,2024-03-01 23:00:00,Success
9261,203.0.113.45,5,2024-03-02 00:00:00,Failed
8436,192.168.1.1,7,2024-03-02 01:00:00,Success
5327,10.0.0.2,2,2024-03-02 02:00:00,Success
4263,198.51.100.77,9,2024-03-02 03:00:00,Failed
1731,198.51.100.77,5,2024-03-02 04:00:00,Failed
6093,198.51.100.77,2,2024-03-02 05:00:00,Failed
7480,198.51.100.77,1,2024-03-02 06:00:00,Success
4288,10.0.0.2,1,2024-03-02 07:00:00,Failed
2883,198.51.100.77,2,2024-03-02 08:00:00,Failed
8330,172.16.254.1,5,2024-03-02 09:00:00,Success
5399,10.0.0.2,2,2024-03-02 10:00:00,Failed
8867,203.0.113.45,3,2024-03-02 11:00:00,Failed
3184,203.0.113.45,4,2024-03-02 12:00:00,Failed
7872,192.168.1.1,6,2024-03-02 13:00:00,Failed
8619,203.0.113.45,1,2024-03-02 14:00:00,Failed
2527,192.168.1.1,2,2024-03-02 15:00:00,Failed
5449,10.0.0.2,7,2024-03-02 16:00:00,Failed
5515,198.51.100.77,9,2024-03-02 17:00:00,Failed
9586,203.0.113.45,3,2024-03-02 18:00:00,Success
4316,198.51.100.77,4,2024-03-02 19:00:00,Failed
5618,192.168.1.1,9,2024-03-02 20:00:00,Failed
5999,10.0.0.2,5,2024-03-02 21:00:00,Failed
7671,10.0.0.2,7,2024-03-02 22:00:00,Failed
2758,203.0.113.45,3,2024-03-02 23:00:00,Failed
9777,192.168.1.1,2,2024-03-03 00:00:00,Failed
2840,10.0.0.2,4,2024-03-03 01:00:00,Failed
3599,172.16.254.1,7,2024-03-03 02:00:00,Failed
5714,172.16.254.1,7,2024-03-03 03:00:00,Failed
1623,198.51.100.77,6,2024-03-03 04:00:00,Failed
9447,192.168.1.1,1,2024-03-03 05:00:00,Failed
2033,10.0.0.2,2,2024-03-03 06:00:00,Success
1535,10.0.0.2,4,2024-03-03 07:00:00,Success
2798,198.51.100.77,9,2024-03-03 08:00:00,Failed
4222,192.168.1.1,7,2024-03-03 09:00:00,Success
1448,10.0.0.2,5,2024-03-03 10:00:00,Failed
9903,203.0.113.45,4,2024-03-03 11:00:00,Failed
9212,203.0.113.45,8,2024-03-03 12:00:00,Failed
7395,172.16.254.1,1,2024-03-03 13:00:00,Failed
1062,198.51.100.77,6,2024-03-03 14:00:00,Failed
3412,198.51.100.77,8,2024-03-03 15:00:00,Failed
2976,172.16.254.1,1,2024-03-03 16:00:00,Failed
7488,198.51.100.77,7,2024-03-03 17:00:00,Success
5140,10.0.0.2,8,2024-03-03 18:00:00,Success
4366,192.168.1.1,9,2024-03-03 19:00:00,Success
2402,203.0.113.45,6,2024-03-03 20:00:00,Failed
2856,198.51.100.77,8,2024-03-03 21:00:00,Failed
9001,10.0.0.2,5,2024-03-03 22:00:00,Failed
5382,203.0.113.45,1,2024-03-03 23:00:00,Success
8703,198.51.100.77,7,2024-03-04 00:00:00,Success
3055,192.168.1.1,2,2024-03-04 01:00:00,Failed
6672,172.16.254.1,8,2024-03-04 02:00:00,Failed
4774,203.0.113.45,1,2024-03-04 03:00:00,Failed
7027,192.168.1.1,8,2024-03-04 04:00:00,Failed
9869,198.51.100.77,8,2024-03-04 05:00:00,Success
3075,172.16.254.1,8,2024-03-04 06:00:00,Failed
4210,10.0.0.2,6,2024-03-04 07:00:00,Failed
5370,10.0.0.2,3,2024-03-04 08:00:00,Failed
7742,192.168.1.1,2,2024-03-04 09:00:00,Failed
1255,172.16.254.1,7,2024-03-04 10:00:00,Success
7525,203.0.113.45,3,2024-03-04 11:00:00,Failed
5787,198.51.100.77,5,2024-03-04 12:00:00,Success
7094,192.168.1.1,6,2024-03-04 13:00:00,Success
5310,192.168.1.1,6,2024-03-04 14:00:00,Failed
8258,192.168.1.1,5,2024-03-04 15:00:00,Success
2650,10.0.0.2,3,2024-03-04 16:00:00,Success
4475,172.16.254.1,2,2024-03-04 17:00:00,Failed
6388,10.0.0.2,5,2024-03-04 18:00:00,Failed
2694,198.51.100.77,2,2024-03-04 19:00:00,Failed
8707,198.51.100.77,3,2024-03-04 20:00:00,Success
6844,172.16.254.1,9,2024-03-04 21:00:00,Success
9287,192.168.1.1,6,2024-03-04 22:00:00,Failed
1312,172.16.254.1,8,2024-03-04 23:00:00,Success
5836,172.16.254.1,1,2024-03-05 00:00:00,Failed
1272,192.168.1.1,6,2024-03-05 01:00:00,Failed
3234,10.0.0.2,2,2024-03-05 02:00:00,Failed
1086,203.0.113.45,2,2024-03-05 03:00:00,Success
2849,198.51.100.77,4,2024-03-05 04:00:00,Success
5187,198.51.100.77,5,2024-03-05 05:00:00,Failed
1166,203.0.113.45,6,2024-03-05 06:00:00,Failed
3505,172.16.254.1,4,2024-03-05 07:00:00,Failed
5385,10.0.0.2,6,2024-03-05 08:00:00,Success
8685,192.168.1.1,8,2024-03-05 09:00:00,Failed
8718,10.0.0.2,8,2024-03-05 10:00:00,Success
4681,203.0.113.45,3,2024-03-05 11:00:00,Success
2453,10.0.0.2,2,2024-03-05 12:00:00,Failed
2646,203.0.113.45,6,2024-03-05 13:00:00,Failed
1299,172.16.254.1,4,2024-03-05 14:00:00,Failed
3822,192.168.1.1,1,2024-03-05 15:00:00,Failed
8421,198.51.100.77,6,2024-03-05 16:00:00,Failed
1012,192.168.1.1,2,2024-03-05 17:00:00,Failed
1345,203.0.113.45,4,2024-03-05 18:00:00,Success
4127,192.168.1.1,7,2024-03-05 19:00:00,Success
9088,172.16.254.1,3,2024-03-05 20:00:00,Failed
8597,192.168.1.1,4,2024-03-05 21:00:00,Failed
2881,10.0.0.2,2,2024-03-05 22:00:00,Failed
2778,198.51.100.77,3,2024-03-05 23:00:00,Failed
6380,198.51.100.77,1,2024-03-06 00:00:00,Failed
7625,172.16.254.1,8,2024-03-06 01:00:00,Failed
4438,198.51.100.77,1,2024-03-06 02:00:00,Success
5511,198.51.100.77,2,2024-03-06 03:00:00,Failed
9922,203.0.113.45,2,2024-03-06 04:00:00,Failed
4041,192.168.1.1,2,2024-03-06 05:00:00,Failed
1322,198.51.100.77,4,2024-03-06 06:00:00,Success
7872,192.168.1.1,6,2024-03-06 07:00:00,Failed
2957,198.51.100.77,2,2024-03-06 08:00:00,Failed
9002,198.51.100.77,9,2024-03-06 09:00:00,Failed
1632,172.16.254.1,6,2024-03-06 10:00:00,Failed
2611,10.0.0.2,1,2024-03-06 11:00:00,Failed
4661,198.51.100.77,9,2024-03-06 12:00:00,Failed
5456,198.51.100.77,9,2024-03-06 13:00:00,Failed
4862,172.16.254.1,9,2024-03-06 14:00:00,Failed
7498,203.0.113.45,5,2024-03-06 15:00:00,Failed
4879,203.0.113.45,3,2024-03-06 16:00:00,Success
5282,10.0.0.2,5,2024-03-06 17:00:00,Failed
7846,192.168.1.1,3,2024-03-06 18:00:00,Failed
2860,172.16.254.1,8,2024-03-06 19:00:00,Success
4675,203.0.113.45,4,2024-03-06 20:00:00,Success
2270,172.16.254.1,4,2024-03-06 21:00:00,Failed
2062,10.0.0.2,8,2024-03-06 22:00:00,Failed
3457,198.51.100.77,8,2024-03-06 23:00:00,Failed
3772,203.0.113.45,8,2024-03-07 00:00:00,Failed
2452,192.168.1.1,8,2024-03-07 01:00:00,Failed
8493,203.0.113.45,4,2024-03-07 02:00:00,Failed
7903,10.0.0.2,8,2024-03-07 03:00:00,Success
2970,203.0.113.45,2,2024-03-07 04:00:00,Failed
3301,10.0.0.2,3,2024-03-07 05:00:00,Success
